STRUCTURE,STRUCTURE_ID,STRUCTURE_NAME,ACTION,REF_AREA,Reference area,FREQ,Frequency of observation,MEASURE,Measure,UNIT_MEASURE,Unit of measure,ACTIVITY,Economic activity,TIME_PERIOD,Time period,OBS_VALUE,Observation value,OBS_STATUS,Observation status,OBS_STATUS_2,Observation status 2,UNIT_MULT,Unit multiplier,PRICE_BASE,Price base,BASE_PER,Base period,TIMELINESS,Timeliness,DECIMALS,Decimals
DATAFLOW,OECD.ENV.EPI:DSD_GG@DF_GREEN_GROWTH(1.1),Green Growth,I,IDN,Indonesia,A,Annual,CO2_AIRTRACAP,CO2 emissions from air transport per capita,T_CO2E_PS,Tonnes of CO2-equivalent per person,_T,Total - all activities,2015,,41.9,,A,Normal value,,,0,Units,_Z,Not applicable,,,0,"close to real-time, very timely",2,Two
DATAFLOW,OECD.ENV.EPI:DSD_GG@DF_GREEN_GROWTH(1.1),Green Growth,I,IDN,Indonesia,A,Annual,CO2_AIRTRACAP,CO2 emissions from air transport per capita,T_CO2E_PS,Tonnes of CO2-equivalent per person,_T,Total - all activities,2016,,46.08,,A,Normal value,,,0,Units,_Z,Not applicable,,,0,"close to real-time, very timely",2,Two
DATAFLOW,OECD.ENV.EPI:DSD_GG@DF_GREEN_GROWTH(1.1),Green Growth,I,IDN,Indonesia,A,Annual,CO2_AIRTRACAP,CO2 emissions from air transport per capita,T_CO2E_PS,Tonnes of CO2-equivalent per person,_T,Total - all activities,2017,,51.86,,A,Normal value,,,0,Units,_Z,Not applicable,,,0,"close to real-time, very timely",2,Two
DATAFLOW,OECD.ENV.EPI:DSD_GG@DF_GREEN_GROWTH(1.1),Green Growth,I,IDN,Indonesia,A,Annual,CO2_AIRTRACAP,CO2 emissions from air transport per capita,T_CO2E_PS,Tonnes of CO2-equivalent per person,_T,Total - all activities,2018,,53.09,,A,Normal value,,,0,Units,_Z,Not applicable,,,0,"close to real-time, very timely",2,Two
DATAFLOW,OECD.ENV.EPI:DSD_GG@DF_GREEN_GROWTH(1.1),Green Growth,I,IDN,Indonesia,A,Annual,CO2_AIRTRACAP,CO2 emissions from air transport per capita,T_CO2E_PS,Tonnes of CO2-equivalent per person,_T,Total - all activities,2019,,47.32,,A,Normal value,,,0,Units,_Z,Not applicable,,,0,"close to real-time, very timely",2,Two
DATAFLOW,OECD.ENV.EPI:DSD_GG@DF_GREEN_GROWTH(1.1),Green Growth,I,IDN,Indonesia,A,Annual,CO2_AIRTRACAP,CO2 emissions from air transport per capita,T_CO2E_PS,Tonnes of CO2-equivalent per person,_T,Total - all activities,2020,,34.51,,A,Normal value,,,0,Units,_Z,Not applicable,,,0,"close to real-time, very timely",2,Two
DATAFLOW,OECD.ENV.EPI:DSD_GG@DF_GREEN_GROWTH(1.1),Green Growth,I,IDN,Indonesia,A,Annual,CO2_AIRTRACAP,CO2 emissions from air transport per capita,T_CO2E_PS,Tonnes of CO2-equivalent per person,_T,Total - all activities,2021,,29.97,,A,Normal value,,,0,Units,_Z,Not applicable,,,0,"close to real-time, very timely",2,Two
DATAFLOW,OECD.ENV.EPI:DSD_GG@DF_GREEN_GROWTH(1.1),Green Growth,I,IDN,Indonesia,A,Annual,CO2_AIRTRACAP,CO2 emissions from air transport per capita,T_CO2E_PS,Tonnes of CO2-equivalent per person,_T,Total - all activities,2022,,44.24,,A,Normal value,,,0,Units,_Z,Not applicable,,,0,"close to real-time, very timely",2,Two
DATAFLOW,OECD.ENV.EPI:DSD_GG@DF_GREEN_GROWTH(1.1),Green Growth,I,IDN,Indonesia,A,Annual,CO2_AIRTRACAP,CO2 emissions from air transport per capita,T_CO2E_PS,Tonnes of CO2-equivalent per person,_T,Total - all activities,2013,,38.16,,A,Normal value,,,0,Units,_Z,Not applicable,,,0,"close to real-time, very timely",2,Two
DATAFLOW,OECD.ENV.EPI:DSD_GG@DF_GREEN_GROWTH(1.1),Green Growth,I,IDN,Indonesia,A,Annual,CO2_AIRTRAGDP,CO2 emissions from air transport per unit of GDP,KG,Kilogramme,_T,Total - all activities,2014,,4,,A,Normal value,,,0,Units,_Z,Not applicable,,,0,"close to real-time, very timely",2,Two
DATAFLOW,OECD.ENV.EPI:DSD_GG@DF_GREEN_GROWTH(1.1),Green Growth,I,IDN,Indonesia,A,Annual,CO2_AIRTRAGDP,CO2 emissions from air transport per unit of GDP,KG,Kilogramme,_T,Total - all activities,2015,,4.04,,A,Normal value,,,0,Units,_Z,Not applicable,,,0,"close to real-time, very timely",2,Two
DATAFLOW,OECD.ENV.EPI:DSD_GG@DF_GREEN_GROWTH(1.1),Green Growth,I,IDN,Indonesia,A,Annual,CO2_AIRTRAGDP,CO2 emissions from air transport per unit of GDP,KG,Kilogramme,_T,Total - all activities,2016,,4.28,,A,Normal value,,,0,Units,_Z,Not applicable,,,0,"close to real-time, very timely",2,Two
DATAFLOW,OECD.ENV.EPI:DSD_GG@DF_GREEN_GROWTH(1.1),Green Growth,I,IDN,Indonesia,A,Annual,CO2_AIRTRAGDP,CO2 emissions from air transport per unit of GDP,KG,Kilogramme,_T,Total - all activities,2017,,4.64,,A,Normal value,,,0,Units,_Z,Not applicable,,,0,"close to real-time, very timely",2,Two
DATAFLOW,OECD.ENV.EPI:DSD_GG@DF_GREEN_GROWTH(1.1),Green Growth,I,IDN,Indonesia,A,Annual,CO2_AIRTRAGDP,CO2 emissions from air transport per unit of GDP,KG,Kilogramme,_T,Total - all activities,2018,,4.56,,A,Normal value,,,0,Units,_Z,Not applicable,,,0,"close to real-time, very timely",2,Two
DATAFLOW,OECD.ENV.EPI:DSD_GG@DF_GREEN_GROWTH(1.1),Green Growth,I,IDN,Indonesia,A,Annual,CO2_AIRTRAGDP,CO2 emissions from air transport per unit of GDP,KG,Kilogramme,_T,Total - all activities,2019,,3.91,,A,Normal value,,,0,Units,_Z,Not applicable,,,0,"close to real-time, very timely",2,Two
DATAFLOW,OECD.ENV.EPI:DSD_GG@DF_GREEN_GROWTH(1.1),Green Growth,I,IDN,Indonesia,A,Annual,CO2_AIRTRAGDP,CO2 emissions from air transport per unit of GDP,KG,Kilogramme,_T,Total - all activities,2020,,2.94,,A,Normal value,,,0,Units,_Z,Not applicable,,,0,"close to real-time, very timely",2,Two
DATAFLOW,OECD.ENV.EPI:DSD_GG@DF_GREEN_GROWTH(1.1),Green Growth,I,IDN,Indonesia,A,Annual,CO2_AIRTRAGDP,CO2 emissions from air transport per unit of GDP,KG,Kilogramme,_T,Total - all activities,2021,,2.49,,A,Normal value,,,0,Units,_Z,Not applicable,,,0,"close to real-time, very timely",2,Two
DATAFLOW,OECD.ENV.EPI:DSD_GG@DF_GREEN_GROWTH(1.1),Green Growth,I,IDN,Indonesia,A,Annual,NRGS,Total energy supply,TOE,Tonnes of oil equivalent,_T,Total - all activities,1996,,135.61,,A,Normal value,,,6,Millions,_Z,Not applicable,,,1,"1 year lag, timely",2,Two
DATAFLOW,OECD.ENV.EPI:DSD_GG@DF_GREEN_GROWTH(1.1),Green Growth,I,IDN,Indonesia,A,Annual,NRGS,Total energy supply,TOE,Tonnes of oil equivalent,_T,Total - all activities,2014,,207.61,,A,Normal value,,,6,Millions,_Z,Not applicable,,,1,"1 year lag, timely",2,Two
DATAFLOW,OECD.ENV.EPI:DSD_GG@DF_GREEN_GROWTH(1.1),Green Growth,I,IDN,Indonesia,A,Annual,NRGS,Total energy supply,TOE,Tonnes of oil equivalent,_T,Total - all activities,2015,,204.34,,A,Normal value,,,6,Millions,_Z,Not applicable,,,1,"1 year lag, timely",2,Two
DATAFLOW,OECD.ENV.EPI:DSD_GG@DF_GREEN_GROWTH(1.1),Green Growth,I,IDN,Indonesia,A,Annual,NRGS,Total energy supply,TOE,Tonnes of oil equivalent,_T,Total - all activities,2016,,209.04,,A,Normal value,,,6,Millions,_Z,Not applicable,,,1,"1 year lag, timely",2,Two
DATAFLOW,OECD.ENV.EPI:DSD_GG@DF_GREEN_GROWTH(1.1),Green Growth,I,IDN,Indonesia,A,Annual,NRGS,Total energy supply,TOE,Tonnes of oil equivalent,_T,Total - all activities,2017,,219.01,,A,Normal value,,,6,Millions,_Z,Not applicable,,,1,"1 year lag, timely",2,Two
DATAFLOW,OECD.ENV.EPI:DSD_GG@DF_GREEN_GROWTH(1.1),Green Growth,I,IDN,Indonesia,A,Annual,NRGS,Total energy supply,TOE,Tonnes of oil equivalent,_T,Total - all activities,2018,,235.31,,A,Normal value,,,6,Millions,_Z,Not applicable,,,1,"1 year lag, timely",2,Two
DATAFLOW,OECD.ENV.EPI:DSD_GG@DF_GREEN_GROWTH(1.1),Green Growth,I,IDN,Indonesia,A,Annual,NRGS,Total energy supply,TOE,Tonnes of oil equivalent,_T,Total - all activities,2019,,243.93,,A,Normal value,,,6,Millions,_Z,Not applicable,,,1,"1 year lag, timely",2,Two
DATAFLOW,OECD.ENV.EPI:DSD_GG@DF_GREEN_GROWTH(1.1),Green Growth,I,IDN,Indonesia,A,Annual,NRGS,Total energy supply,TOE,Tonnes of oil equivalent,_T,Total - all activities,2020,,233.38,,A,Normal value,,,6,Millions,_Z,Not applicable,,,1,"1 year lag, timely",2,Two
DATAFLOW,OECD.ENV.EPI:DSD_GG@DF_GREEN_GROWTH(1.1),Green Growth,I,IDN,Indonesia,A,Annual,NRGS,Total energy supply,TOE,Tonnes of oil equivalent,_T,Total - all activities,1997,,140.17,,A,Normal value,,,6,Millions,_Z,Not applicable,,,1,"1 year lag, timely",2,Two
DATAFLOW,OECD.ENV.EPI:DSD_GG@DF_GREEN_GROWTH(1.1),Green Growth,I,IDN,Indonesia,A,Annual,NRGS,Total energy supply,TOE,Tonnes of oil equivalent,_T,Total - all activities,1998,,137.11,,A,Normal value,,,6,Millions,_Z,Not applicable,,,1,"1 year lag, timely",2,Two
DATAFLOW,OECD.ENV.EPI:DSD_GG@DF_GREEN_GROWTH(1.1),Green Growth,I,IDN,Indonesia,A,Annual,NRGS,Total energy supply,TOE,Tonnes of oil equivalent,_T,Total - all activities,1999,,143.62,,A,Normal value,,,6,Millions,_Z,Not applicable,,,1,"1 year lag, timely",2,Two
DATAFLOW,OECD.ENV.EPI:DSD_GG@DF_GREEN_GROWTH(1.1),Green Growth,I,IDN,Indonesia,A,Annual,NRGS,Total energy supply,TOE,Tonnes of oil equivalent,_T,Total - all activities,2000,,155.67,,A,Normal value,,,6,Millions,_Z,Not applicable,,,1,"1 year lag, timely",2,Two
DATAFLOW,OECD.ENV.EPI:DSD_GG@DF_GREEN_GROWTH(1.1),Green Growth,I,IDN,Indonesia,A,Annual,NRGS,Total energy supply,TOE,Tonnes of oil equivalent,_T,Total - all activities,2001,,159.21,,A,Normal value,,,6,Millions,_Z,Not applicable,,,1,"1 year lag, timely",2,Two
DATAFLOW,OECD.ENV.EPI:DSD_GG@DF_GREEN_GROWTH(1.1),Green Growth,I,IDN,Indonesia,A,Annual,NRGS,Total energy supply,TOE,Tonnes of oil equivalent,_T,Total - all activities,2002,,164.99,,A,Normal value,,,6,Millions,_Z,Not applicable,,,1,"1 year lag, timely",2,Two
DATAFLOW,OECD.ENV.EPI:DSD_GG@DF_GREEN_GROWTH(1.1),Green Growth,I,IDN,Indonesia,A,Annual,NRGS,Total energy supply,TOE,Tonnes of oil equivalent,_T,Total - all activities,2003,,165.33,,A,Normal value,,,6,Millions,_Z,Not applicable,,,1,"1 year lag, timely",2,Two
DATAFLOW,OECD.ENV.EPI:DSD_GG@DF_GREEN_GROWTH(1.1),Green Growth,I,IDN,Indonesia,A,Annual,NRGS,Total energy supply,TOE,Tonnes of oil equivalent,_T,Total - all activities,2004,,176.13,,A,Normal value,,,6,Millions,_Z,Not applicable,,,1,"1 year lag, timely",2,Two
DATAFLOW,OECD.ENV.EPI:DSD_GG@DF_GREEN_GROWTH(1.1),Green Growth,I,IDN,Indonesia,A,Annual,NRGS,Total energy supply,TOE,Tonnes of oil equivalent,_T,Total - all activities,2005,,178.85,,A,Normal value,,,6,Millions,_Z,Not applicable,,,1,"1 year lag, timely",2,Two
DATAFLOW,OECD.ENV.EPI:DSD_GG@DF_GREEN_GROWTH(1.1),Green Growth,I,IDN,Indonesia,A,Annual,NRGS,Total energy supply,TOE,Tonnes of oil equivalent,_T,Total - all activities,2006,,182.92,,A,Normal value,,,6,Millions,_Z,Not applicable,,,1,"1 year lag, timely",2,Two
DATAFLOW,OECD.ENV.EPI:DSD_GG@DF_GREEN_GROWTH(1.1),Green Growth,I,IDN,Indonesia,A,Annual,NRGS,Total energy supply,TOE,Tonnes of oil equivalent,_T,Total - all activities,2007,,182.18,,A,Normal value,,,6,Millions,_Z,Not applicable,,,1,"1 year lag, timely",2,Two
DATAFLOW,OECD.ENV.EPI:DSD_GG@DF_GREEN_GROWTH(1.1),Green Growth,I,IDN,Indonesia,A,Annual,NRGS,Total energy supply,TOE,Tonnes of oil equivalent,_T,Total - all activities,2008,,185.35,,A,Normal value,,,6,Millions,_Z,Not applicable,,,1,"1 year lag, timely",2,Two
DATAFLOW,OECD.ENV.EPI:DSD_GG@DF_GREEN_GROWTH(1.1),Green Growth,I,IDN,Indonesia,A,Annual,NRGS,Total energy supply,TOE,Tonnes of oil equivalent,_T,Total - all activities,2009,,195.65,,A,Normal value,,,6,Millions,_Z,Not applicable,,,1,"1 year lag, timely",2,Two
DATAFLOW,OECD.ENV.EPI:DSD_GG@DF_GREEN_GROWTH(1.1),Green Growth,I,IDN,Indonesia,A,Annual,NRGS,Total energy supply,TOE,Tonnes of oil equivalent,_T,Total - all activities,2010,,204.12,,A,Normal value,,,6,Millions,_Z,Not applicable,,,1,"1 year lag, timely",2,Two
DATAFLOW,OECD.ENV.EPI:DSD_GG@DF_GREEN_GROWTH(1.1),Green Growth,I,IDN,Indonesia,A,Annual,NRGS,Total energy supply,TOE,Tonnes of oil equivalent,_T,Total - all activities,2011,,208.32,,A,Normal value,,,6,Millions,_Z,Not applicable,,,1,"1 year lag, timely",2,Two
DATAFLOW,OECD.ENV.EPI:DSD_GG@DF_GREEN_GROWTH(1.1),Green Growth,I,IDN,Indonesia,A,Annual,NRGS,Total energy supply,TOE,Tonnes of oil equivalent,_T,Total - all activities,2012,,206.98,,A,Normal value,,,6,Millions,_Z,Not applicable,,,1,"1 year lag, timely",2,Two
DATAFLOW,OECD.ENV.EPI:DSD_GG@DF_GREEN_GROWTH(1.1),Green Growth,I,IDN,Indonesia,A,Annual,NRGS,Total energy supply,TOE,Tonnes of oil equivalent,_T,Total - all activities,2013,,199.32,,A,Normal value,,,6,Millions,_Z,Not applicable,,,1,"1 year lag, timely",2,Two
DATAFLOW,OECD.ENV.EPI:DSD_GG@DF_GREEN_GROWTH(1.1),Green Growth,I,IDN,Indonesia,A,Annual,NRGS,Total energy supply,TOE,Tonnes of oil equivalent,_T,Total - all activities,1990,,98.66,,A,Normal value,,,6,Millions,_Z,Not applicable,,,1,"1 year lag, timely",2,Two
DATAFLOW,OECD.ENV.EPI:DSD_GG@DF_GREEN_GROWTH(1.1),Green Growth,I,IDN,Indonesia,A,Annual,NRGS,Total energy supply,TOE,Tonnes of oil equivalent,_T,Total - all activities,1991,,103.49,,A,Normal value,,,6,Millions,_Z,Not applicable,,,1,"1 year lag, timely",2,Two
DATAFLOW,OECD.ENV.EPI:DSD_GG@DF_GREEN_GROWTH(1.1),Green Growth,I,IDN,Indonesia,A,Annual,NRGS,Total energy supply,TOE,Tonnes of oil equivalent,_T,Total - all activities,1992,,107.89,,A,Normal value,,,6,Millions,_Z,Not applicable,,,1,"1 year lag, timely",2,Two
DATAFLOW,OECD.ENV.EPI:DSD_GG@DF_GREEN_GROWTH(1.1),Green Growth,I,IDN,Indonesia,A,Annual,NRGS,Total energy supply,TOE,Tonnes of oil equivalent,_T,Total - all activities,1993,,118.5,,A,Normal value,,,6,Millions,_Z,Not applicable,,,1,"1 year lag, timely",2,Two
DATAFLOW,OECD.ENV.EPI:DSD_GG@DF_GREEN_GROWTH(1.1),Green Growth,I,IDN,Indonesia,A,Annual,NRGS,Total energy supply,TOE,Tonnes of oil equivalent,_T,Total - all activities,1994,,118.65,,A,Normal value,,,6,Millions,_Z,Not applicable,,,1,"1 year lag, timely",2,Two
DATAFLOW,OECD.ENV.EPI:DSD_GG@DF_GREEN_GROWTH(1.1),Green Growth,I,JPN,Japan,A,Annual,NRGS,Total energy supply,IX,Index,_T,Total - all activities,1997,,98.28,,A,Normal value,,,0,Units,_Z,Not applicable,2000,,1,"1 year lag, timely",2,Two
DATAFLOW,OECD.ENV.EPI:DSD_GG@DF_GREEN_GROWTH(1.1),Green Growth,I,JPN,Japan,A,Annual,NRGS,Total energy supply,IX,Index,_T,Total - all activities,2015,,83.82,,A,Normal value,,,0,Units,_Z,Not applicable,2000,,1,"1 year lag, timely",2,Two
DATAFLOW,OECD.ENV.EPI:DSD_GG@DF_GREEN_GROWTH(1.1),Green Growth,I,JPN,Japan,A,Annual,NRGS,Total energy supply,IX,Index,_T,Total - all activities,2016,,83.07,,A,Normal value,,,0,Units,_Z,Not applicable,2000,,1,"1 year lag, timely",2,Two
DATAFLOW,OECD.ENV.EPI:DSD_GG@DF_GREEN_GROWTH(1.1),Green Growth,I,JPN,Japan,A,Annual,NRGS,Total energy supply,IX,Index,_T,Total - all activities,2017,,83.57,,A,Normal value,,,0,Units,_Z,Not applicable,2000,,1,"1 year lag, timely",2,Two
DATAFLOW,OECD.ENV.EPI:DSD_GG@DF_GREEN_GROWTH(1.1),Green Growth,I,JPN,Japan,A,Annual,NRGS,Total energy supply,IX,Index,_T,Total - all activities,2018,,82.28,,A,Normal value,,,0,Units,_Z,Not applicable,2000,,1,"1 year lag, timely",2,Two
DATAFLOW,OECD.ENV.EPI:DSD_GG@DF_GREEN_GROWTH(1.1),Green Growth,I,JPN,Japan,A,Annual,NRGS,Total energy supply,IX,Index,_T,Total - all activities,2019,,80.1,,A,Normal value,,,0,Units,_Z,Not applicable,2000,,1,"1 year lag, timely",2,Two
DATAFLOW,OECD.ENV.EPI:DSD_GG@DF_GREEN_GROWTH(1.1),Green Growth,I,JPN,Japan,A,Annual,NRGS,Total energy supply,IX,Index,_T,Total - all activities,2020,,74.58,,A,Normal value,,,0,Units,_Z,Not applicable,2000,,1,"1 year lag, timely",2,Two
DATAFLOW,OECD.ENV.EPI:DSD_GG@DF_GREEN_GROWTH(1.1),Green Growth,I,JPN,Japan,A,Annual,NRGS,Total energy supply,IX,Index,_T,Total - all activities,2021,,78.01,,A,Normal value,,,0,Units,_Z,Not applicable,2000,,1,"1 year lag, timely",2,Two
DATAFLOW,OECD.ENV.EPI:DSD_GG@DF_GREEN_GROWTH(1.1),Green Growth,I,JPN,Japan,A,Annual,NRGS,Total energy supply,IX,Index,_T,Total - all activities,1998,,96.5,,A,Normal value,,,0,Units,_Z,Not applicable,2000,,1,"1 year lag, timely",2,Two
DATAFLOW,OECD.ENV.EPI:DSD_GG@DF_GREEN_GROWTH(1.1),Green Growth,I,JPN,Japan,A,Annual,NRGS,Total energy supply,IX,Index,_T,Total - all activities,1999,,98.04,,A,Normal value,,,0,Units,_Z,Not applicable,2000,,1,"1 year lag, timely",2,Two
DATAFLOW,OECD.ENV.EPI:DSD_GG@DF_GREEN_GROWTH(1.1),Green Growth,I,JPN,Japan,A,Annual,NRGS,Total energy supply,IX,Index,_T,Total - all activities,2000,,100,,A,Normal value,,,0,Units,_Z,Not applicable,2000,,1,"1 year lag, timely",2,Two
DATAFLOW,OECD.ENV.EPI:DSD_GG@DF_GREEN_GROWTH(1.1),Green Growth,I,JPN,Japan,A,Annual,NRGS,Total energy supply,IX,Index,_T,Total - all activities,2001,,98.35,,A,Normal value,,,0,Units,_Z,Not applicable,2000,,1,"1 year lag, timely",2,Two
DATAFLOW,OECD.ENV.EPI:DSD_GG@DF_GREEN_GROWTH(1.1),Green Growth,I,JPN,Japan,A,Annual,NRGS,Total energy supply,IX,Index,_T,Total - all activities,2002,,98.64,,A,Normal value,,,0,Units,_Z,Not applicable,2000,,1,"1 year lag, timely",2,Two
DATAFLOW,OECD.ENV.EPI:DSD_GG@DF_GREEN_GROWTH(1.1),Green Growth,I,JPN,Japan,A,Annual,NRGS,Total energy supply,IX,Index,_T,Total - all activities,2003,,97.96,,A,Normal value,,,0,Units,_Z,Not applicable,2000,,1,"1 year lag, timely",2,Two
DATAFLOW,OECD.ENV.EPI:DSD_GG@DF_GREEN_GROWTH(1.1),Green Growth,I,JPN,Japan,A,Annual,NRGS,Total energy supply,IX,Index,_T,Total - all activities,2004,,101.18,,A,Normal value,,,0,Units,_Z,Not applicable,2000,,1,"1 year lag, timely",2,Two
DATAFLOW,OECD.ENV.EPI:DSD_GG@DF_GREEN_GROWTH(1.1),Green Growth,I,JPN,Japan,A,Annual,NRGS,Total energy supply,IX,Index,_T,Total - all activities,2005,,100.72,,A,Normal value,,,0,Units,_Z,Not applicable,2000,,1,"1 year lag, timely",2,Two
DATAFLOW,OECD.ENV.EPI:DSD_GG@DF_GREEN_GROWTH(1.1),Green Growth,I,JPN,Japan,A,Annual,NRGS,Total energy supply,IX,Index,_T,Total - all activities,2006,,100.73,,A,Normal value,,,0,Units,_Z,Not applicable,2000,,1,"1 year lag, timely",2,Two
DATAFLOW,OECD.ENV.EPI:DSD_GG@DF_GREEN_GROWTH(1.1),Green Growth,I,JPN,Japan,A,Annual,NRGS,Total energy supply,IX,Index,_T,Total - all activities,2007,,99.76,,A,Normal value,,,0,Units,_Z,Not applicable,2000,,1,"1 year lag, timely",2,Two
DATAFLOW,OECD.ENV.EPI:DSD_GG@DF_GREEN_GROWTH(1.1),Green Growth,I,JPN,Japan,A,Annual,NRGS,Total energy supply,IX,Index,_T,Total - all activities,2008,,96,,A,Normal value,,,0,Units,_Z,Not applicable,2000,,1,"1 year lag, timely",2,Two
DATAFLOW,OECD.ENV.EPI:DSD_GG@DF_GREEN_GROWTH(1.1),Green Growth,I,JPN,Japan,A,Annual,NRGS,Total energy supply,IX,Index,_T,Total - all activities,2009,,92.06,,A,Normal value,,,0,Units,_Z,Not applicable,2000,,1,"1 year lag, timely",2,Two
DATAFLOW,OECD.ENV.EPI:DSD_GG@DF_GREEN_GROWTH(1.1),Green Growth,I,JPN,Japan,A,Annual,NRGS,Total energy supply,IX,Index,_T,Total - all activities,2010,,96.83,,A,Normal value,,,0,Units,_Z,Not applicable,2000,,1,"1 year lag, timely",2,Two
DATAFLOW,OECD.ENV.EPI:DSD_GG@DF_GREEN_GROWTH(1.1),Green Growth,I,JPN,Japan,A,Annual,NRGS,Total energy supply,IX,Index,_T,Total - all activities,2011,,89.71,,A,Normal value,,,0,Units,_Z,Not applicable,2000,,1,"1 year lag, timely",2,Two
DATAFLOW,OECD.ENV.EPI:DSD_GG@DF_GREEN_GROWTH(1.1),Green Growth,I,JPN,Japan,A,Annual,NRGS,Total energy supply,IX,Index,_T,Total - all activities,2012,,87.5,,A,Normal value,,,0,Units,_Z,Not applicable,2000,,1,"1 year lag, timely",2,Two
DATAFLOW,OECD.ENV.EPI:DSD_GG@DF_GREEN_GROWTH(1.1),Green Growth,I,JPN,Japan,A,Annual,NRGS,Total energy supply,IX,Index,_T,Total - all activities,2013,,88.14,,A,Normal value,,,0,Units,_Z,Not applicable,2000,,1,"1 year lag, timely",2,Two
DATAFLOW,OECD.ENV.EPI:DSD_GG@DF_GREEN_GROWTH(1.1),Green Growth,I,JPN,Japan,A,Annual,NRGS,Total energy supply,IX,Index,_T,Total - all activities,2014,,85.03,,A,Normal value,,,0,Units,_Z,Not applicable,2000,,1,"1 year lag, timely",2,Two
DATAFLOW,OECD.ENV.EPI:DSD_GG@DF_GREEN_GROWTH(1.1),Green Growth,I,JPN,Japan,A,Annual,NRGS,Total energy supply,IX,Index,_T,Total - all activities,1990,,84.69,,A,Normal value,,,0,Units,_Z,Not applicable,2000,,1,"1 year lag, timely",2,Two
DATAFLOW,OECD.ENV.EPI:DSD_GG@DF_GREEN_GROWTH(1.1),Green Growth,I,JPN,Japan,A,Annual,NRGS,Total energy supply,IX,Index,_T,Total - all activities,1991,,85.57,,A,Normal value,,,0,Units,_Z,Not applicable,2000,,1,"1 year lag, timely",2,Two
DATAFLOW,OECD.ENV.EPI:DSD_GG@DF_GREEN_GROWTH(1.1),Green Growth,I,JPN,Japan,A,Annual,NRGS,Total energy supply,IX,Index,_T,Total - all activities,1992,,87.47,,A,Normal value,,,0,Units,_Z,Not applicable,2000,,1,"1 year lag, timely",2,Two
DATAFLOW,OECD.ENV.EPI:DSD_GG@DF_GREEN_GROWTH(1.1),Green Growth,I,JPN,Japan,A,Annual,NRGS,Total energy supply,IX,Index,_T,Total - all activities,1993,,87.99,,A,Normal value,,,0,Units,_Z,Not applicable,2000,,1,"1 year lag, timely",2,Two
DATAFLOW,OECD.ENV.EPI:DSD_GG@DF_GREEN_GROWTH(1.1),Green Growth,I,JPN,Japan,A,Annual,NRGS,Total energy supply,IX,Index,_T,Total - all activities,1994,,92.79,,A,Normal value,,,0,Units,_Z,Not applicable,2000,,1,"1 year lag, timely",2,Two
DATAFLOW,OECD.ENV.EPI:DSD_GG@DF_GREEN_GROWTH(1.1),Green Growth,I,JPN,Japan,A,Annual,NRGS,Total energy supply,IX,Index,_T,Total - all activities,1995,,95.24,,A,Normal value,,,0,Units,_Z,Not applicable,2000,,1,"1 year lag, timely",2,Two
DATAFLOW,OECD.ENV.EPI:DSD_GG@DF_GREEN_GROWTH(1.1),Green Growth,I,JPN,Japan,A,Annual,NRGS,Total energy supply,TOE,Tonnes of oil equivalent,_T,Total - all activities,2004,,521.97,,A,Normal value,,,6,Millions,_Z,Not applicable,,,1,"1 year lag, timely",2,Two
DATAFLOW,OECD.ENV.EPI:DSD_GG@DF_GREEN_GROWTH(1.1),Green Growth,I,JPN,Japan,A,Annual,NRGS,Total energy supply,TOE,Tonnes of oil equivalent,_T,Total - all activities,1993,,453.94,,A,Normal value,,,6,Millions,_Z,Not applicable,,,1,"1 year lag, timely",2,Two
DATAFLOW,OECD.ENV.EPI:DSD_GG@DF_GREEN_GROWTH(1.1),Green Growth,I,JPN,Japan,A,Annual,NRGS,Total energy supply,TOE,Tonnes of oil equivalent,_T,Total - all activities,1994,,478.66,,A,Normal value,,,6,Millions,_Z,Not applicable,,,1,"1 year lag, timely",2,Two
DATAFLOW,OECD.ENV.EPI:DSD_GG@DF_GREEN_GROWTH(1.1),Green Growth,I,JPN,Japan,A,Annual,NRGS,Total energy supply,TOE,Tonnes of oil equivalent,_T,Total - all activities,1995,,491.3,,A,Normal value,,,6,Millions,_Z,Not applicable,,,1,"1 year lag, timely",2,Two
DATAFLOW,OECD.ENV.EPI:DSD_GG@DF_GREEN_GROWTH(1.1),Green Growth,I,JPN,Japan,A,Annual,NRGS,Total energy supply,TOE,Tonnes of oil equivalent,_T,Total - all activities,1996,,501.83,,A,Normal value,,,6,Millions,_Z,Not applicable,,,1,"1 year lag, timely",2,Two
DATAFLOW,OECD.ENV.EPI:DSD_GG@DF_GREEN_GROWTH(1.1),Green Growth,I,JPN,Japan,A,Annual,NRGS,Total energy supply,TOE,Tonnes of oil equivalent,_T,Total - all activities,1997,,507.01,,A,Normal value,,,6,Millions,_Z,Not applicable,,,1,"1 year lag, timely",2,Two
DATAFLOW,OECD.ENV.EPI:DSD_GG@DF_GREEN_GROWTH(1.1),Green Growth,I,JPN,Japan,A,Annual,NRGS,Total energy supply,TOE,Tonnes of oil equivalent,_T,Total - all activities,1998,,497.8,,A,Normal value,,,6,Millions,_Z,Not applicable,,,1,"1 year lag, timely",2,Two
DATAFLOW,OECD.ENV.EPI:DSD_GG@DF_GREEN_GROWTH(1.1),Green Growth,I,JPN,Japan,A,Annual,NRGS,Total energy supply,TOE,Tonnes of oil equivalent,_T,Total - all activities,2019,,413.22,,A,Normal value,,,6,Millions,_Z,Not applicable,,,1,"1 year lag, timely",2,Two
DATAFLOW,OECD.ENV.EPI:DSD_GG@DF_GREEN_GROWTH(1.1),Green Growth,I,JPN,Japan,A,Annual,NRGS,Total energy supply,TOE,Tonnes of oil equivalent,_T,Total - all activities,2005,,519.58,,A,Normal value,,,6,Millions,_Z,Not applicable,,,1,"1 year lag, timely",2,Two
DATAFLOW,OECD.ENV.EPI:DSD_GG@DF_GREEN_GROWTH(1.1),Green Growth,I,JPN,Japan,A,Annual,NRGS,Total energy supply,TOE,Tonnes of oil equivalent,_T,Total - all activities,2006,,519.65,,A,Normal value,,,6,Millions,_Z,Not applicable,,,1,"1 year lag, timely",2,Two
DATAFLOW,OECD.ENV.EPI:DSD_GG@DF_GREEN_GROWTH(1.1),Green Growth,I,JPN,Japan,A,Annual,NRGS,Total energy supply,TOE,Tonnes of oil equivalent,_T,Total - all activities,2007,,514.64,,A,Normal value,,,6,Millions,_Z,Not applicable,,,1,"1 year lag, timely",2,Two
DATAFLOW,OECD.ENV.EPI:DSD_GG@DF_GREEN_GROWTH(1.1),Green Growth,I,JPN,Japan,A,Annual,NRGS,Total energy supply,TOE,Tonnes of oil equivalent,_T,Total - all activities,2008,,495.23,,A,Normal value,,,6,Millions,_Z,Not applicable,,,1,"1 year lag, timely",2,Two
DATAFLOW,OECD.ENV.EPI:DSD_GG@DF_GREEN_GROWTH(1.1),Green Growth,I,JPN,Japan,A,Annual,NRGS,Total energy supply,TOE,Tonnes of oil equivalent,_T,Total - all activities,2009,,474.9,,A,Normal value,,,6,Millions,_Z,Not applicable,,,1,"1 year lag, timely",2,Two
DATAFLOW,OECD.ENV.EPI:DSD_GG@DF_GREEN_GROWTH(1.1),Green Growth,I,JPN,Japan,A,Annual,NRGS,Total energy supply,TOE,Tonnes of oil equivalent,_T,Total - all activities,2010,,499.54,,A,Normal value,,,6,Millions,_Z,Not applicable,,,1,"1 year lag, timely",2,Two
DATAFLOW,OECD.ENV.EPI:DSD_GG@DF_GREEN_GROWTH(1.1),Green Growth,I,JPN,Japan,A,Annual,NRGS,Total energy supply,TOE,Tonnes of oil equivalent,_T,Total - all activities,2011,,462.81,,A,Normal value,,,6,Millions,_Z,Not applicable,,,1,"1 year lag, timely",2,Two
DATAFLOW,OECD.ENV.EPI:DSD_GG@DF_GREEN_GROWTH(1.1),Green Growth,I,JPN,Japan,A,Annual,NRGS,Total energy supply,TOE,Tonnes of oil equivalent,_T,Total - all activities,2012,,451.39,,A,Normal value,,,6,Millions,_Z,Not applicable,,,1,"1 year lag, timely",2,Two
DATAFLOW,OECD.ENV.EPI:DSD_GG@DF_GREEN_GROWTH(1.1),Green Growth,I,JPN,Japan,A,Annual,NRGS,Total energy supply,TOE,Tonnes of oil equivalent,_T,Total - all activities,2013,,454.67,,A,Normal value,,,6,Millions,_Z,Not applicable,,,1,"1 year lag, timely",2,Two
DATAFLOW,OECD.ENV.EPI:DSD_GG@DF_GREEN_GROWTH(1.1),Green Growth,I,JPN,Japan,A,Annual,NRGS,Total energy supply,TOE,Tonnes of oil equivalent,_T,Total - all activities,2014,,438.65,,A,Normal value,,,6,Millions,_Z,Not applicable,,,1,"1 year lag, timely",2,Two
DATAFLOW,OECD.ENV.EPI:DSD_GG@DF_GREEN_GROWTH(1.1),Green Growth,I,JPN,Japan,A,Annual,NRGS,Total energy supply,TOE,Tonnes of oil equivalent,_T,Total - all activities,2015,,432.38,,A,Normal value,,,6,Millions,_Z,Not applicable,,,1,"1 year lag, timely",2,Two
DATAFLOW,OECD.ENV.EPI:DSD_GG@DF_GREEN_GROWTH(1.1),Green Growth,I,JPN,Japan,A,Annual,NRGS,Total energy supply,TOE,Tonnes of oil equivalent,_T,Total - all activities,2016,,428.54,,A,Normal value,,,6,Millions,_Z,Not applicable,,,1,"1 year lag, timely",2,Two
DATAFLOW,OECD.ENV.EPI:DSD_GG@DF_GREEN_GROWTH(1.1),Green Growth,I,JPN,Japan,A,Annual,NRGS,Total energy supply,TOE,Tonnes of oil equivalent,_T,Total - all activities,2017,,431.09,,A,Normal value,,,6,Millions,_Z,Not applicable,,,1,"1 year lag, timely",2,Two
DATAFLOW,OECD.ENV.EPI:DSD_GG@DF_GREEN_GROWTH(1.1),Green Growth,I,JPN,Japan,A,Annual,NRGS,Total energy supply,TOE,Tonnes of oil equivalent,_T,Total - all activities,2018,,424.44,,A,Normal value,,,6,Millions,_Z,Not applicable,,,1,"1 year lag, timely",2,Two
DATAFLOW,OECD.ENV.EPI:DSD_GG@DF_GREEN_GROWTH(1.1),Green Growth,I,JPN,Japan,A,Annual,NRGS,Total energy supply,TOE,Tonnes of oil equivalent,_T,Total - all activities,1990,,436.91,,A,Normal value,,,6,Millions,_Z,Not applicable,,,1,"1 year lag, timely",2,Two
DATAFLOW,OECD.ENV.EPI:DSD_GG@DF_GREEN_GROWTH(1.1),Green Growth,I,JPN,Japan,A,Annual,NRGS,Total energy supply,TOE,Tonnes of oil equivalent,_T,Total - all activities,1991,,441.42,,A,Normal value,,,6,Millions,_Z,Not applicable,,,1,"1 year lag, timely",2,Two
DATAFLOW,OECD.ENV.EPI:DSD_GG@DF_GREEN_GROWTH(1.1),Green Growth,I,JPN,Japan,A,Annual,NRGS,Total energy supply,TOE,Tonnes of oil equivalent,_T,Total - all activities,1992,,451.24,,A,Normal value,,,6,Millions,_Z,Not applicable,,,1,"1 year lag, timely",2,Two
DATAFLOW,OECD.ENV.EPI:DSD_GG@DF_GREEN_GROWTH(1.1),Green Growth,I,JPN,Japan,A,Annual,NRGS,Total energy supply,TOE,Tonnes of oil equivalent,_T,Total - all activities,2020,,384.75,,A,Normal value,,,6,Millions,_Z,Not applicable,,,1,"1 year lag, timely",2,Two
DATAFLOW,OECD.ENV.EPI:DSD_GG@DF_GREEN_GROWTH(1.1),Green Growth,I,JPN,Japan,A,Annual,NRGS,Total energy supply,TOE,Tonnes of oil equivalent,_T,Total - all activities,2021,,402.46,,A,Normal value,,,6,Millions,_Z,Not applicable,,,1,"1 year lag, timely",2,Two
DATAFLOW,OECD.ENV.EPI:DSD_GG@DF_GREEN_GROWTH(1.1),Green Growth,I,JPN,Japan,A,Annual,NRGS,Total energy supply,TOE,Tonnes of oil equivalent,_T,Total - all activities,1999,,505.78,,A,Normal value,,,6,Millions,_Z,Not applicable,,,1,"1 year lag, timely",2,Two
DATAFLOW,OECD.ENV.EPI:DSD_GG@DF_GREEN_GROWTH(1.1),Green Growth,I,JPN,Japan,A,Annual,NRGS,Total energy supply,TOE,Tonnes of oil equivalent,_T,Total - all activities,2000,,515.87,,A,Normal value,,,6,Millions,_Z,Not applicable,,,1,"1 year lag, timely",2,Two
DATAFLOW,OECD.ENV.EPI:DSD_GG@DF_GREEN_GROWTH(1.1),Green Growth,I,JPN,Japan,A,Annual,NRGS,Total energy supply,TOE,Tonnes of oil equivalent,_T,Total - all activities,2001,,507.34,,A,Normal value,,,6,Millions,_Z,Not applicable,,,1,"1 year lag, timely",2,Two
DATAFLOW,OECD.ENV.EPI:DSD_GG@DF_GREEN_GROWTH(1.1),Green Growth,I,JPN,Japan,A,Annual,NRGS,Total energy supply,TOE,Tonnes of oil equivalent,_T,Total - all activities,2002,,508.88,,A,Normal value,,,6,Millions,_Z,Not applicable,,,1,"1 year lag, timely",2,Two
DATAFLOW,OECD.ENV.EPI:DSD_GG@DF_GREEN_GROWTH(1.1),Green Growth,I,JPN,Japan,A,Annual,CO2_AIRTRACAP,CO2 emissions from air transport per capita,T_CO2E_PS,Tonnes of CO2-equivalent per person,_T,Total - all activities,2015,,178.88,,A,Normal value,,,0,Units,_Z,Not applicable,,,0,"close to real-time, very timely",2,Two
DATAFLOW,OECD.ENV.EPI:DSD_GG@DF_GREEN_GROWTH(1.1),Green Growth,I,JPN,Japan,A,Annual,CO2_AIRTRACAP,CO2 emissions from air transport per capita,T_CO2E_PS,Tonnes of CO2-equivalent per person,_T,Total - all activities,2016,,186.62,,A,Normal value,,,0,Units,_Z,Not applicable,,,0,"close to real-time, very timely",2,Two
DATAFLOW,OECD.ENV.EPI:DSD_GG@DF_GREEN_GROWTH(1.1),Green Growth,I,JPN,Japan,A,Annual,CO2_AIRTRACAP,CO2 emissions from air transport per capita,T_CO2E_PS,Tonnes of CO2-equivalent per person,_T,Total - all activities,2017,,192.56,,A,Normal value,,,0,Units,_Z,Not applicable,,,0,"close to real-time, very timely",2,Two
DATAFLOW,OECD.ENV.EPI:DSD_GG@DF_GREEN_GROWTH(1.1),Green Growth,I,JPN,Japan,A,Annual,CO2_AIRTRACAP,CO2 emissions from air transport per capita,T_CO2E_PS,Tonnes of CO2-equivalent per person,_T,Total - all activities,2018,,198.78,,A,Normal value,,,0,Units,_Z,Not applicable,,,0,"close to real-time, very timely",2,Two
DATAFLOW,OECD.ENV.EPI:DSD_GG@DF_GREEN_GROWTH(1.1),Green Growth,I,JPN,Japan,A,Annual,CO2_AIRTRACAP,CO2 emissions from air transport per capita,T_CO2E_PS,Tonnes of CO2-equivalent per person,_T,Total - all activities,2019,,199.94,,A,Normal value,,,0,Units,_Z,Not applicable,,,0,"close to real-time, very timely",2,Two
DATAFLOW,OECD.ENV.EPI:DSD_GG@DF_GREEN_GROWTH(1.1),Green Growth,I,JPN,Japan,A,Annual,CO2_AIRTRACAP,CO2 emissions from air transport per capita,T_CO2E_PS,Tonnes of CO2-equivalent per person,_T,Total - all activities,2020,,118.15,,A,Normal value,,,0,Units,_Z,Not applicable,,,0,"close to real-time, very timely",2,Two
DATAFLOW,OECD.ENV.EPI:DSD_GG@DF_GREEN_GROWTH(1.1),Green Growth,I,JPN,Japan,A,Annual,CO2_AIRTRACAP,CO2 emissions from air transport per capita,T_CO2E_PS,Tonnes of CO2-equivalent per person,_T,Total - all activities,2021,,131.07,,A,Normal value,,,0,Units,_Z,Not applicable,,,0,"close to real-time, very timely",2,Two
DATAFLOW,OECD.ENV.EPI:DSD_GG@DF_GREEN_GROWTH(1.1),Green Growth,I,JPN,Japan,A,Annual,CO2_AIRTRACAP,CO2 emissions from air transport per capita,T_CO2E_PS,Tonnes of CO2-equivalent per person,_T,Total - all activities,2022,,161.63,,A,Normal value,,,0,Units,_Z,Not applicable,,,0,"close to real-time, very timely",2,Two
DATAFLOW,OECD.ENV.EPI:DSD_GG@DF_GREEN_GROWTH(1.1),Green Growth,I,JPN,Japan,A,Annual,CO2_AIRTRACAP,CO2 emissions from air transport per capita,T_CO2E_PS,Tonnes of CO2-equivalent per person,_T,Total - all activities,2013,,161.8,,A,Normal value,,,0,Units,_Z,Not applicable,,,0,"close to real-time, very timely",2,Two
DATAFLOW,OECD.ENV.EPI:DSD_GG@DF_GREEN_GROWTH(1.1),Green Growth,I,JPN,Japan,A,Annual,CO2_AIRTRAGDP,CO2 emissions from air transport per unit of GDP,KG,Kilogramme,_T,Total - all activities,2015,,4.37,,A,Normal value,,,0,Units,_Z,Not applicable,,,0,"close to real-time, very timely",2,Two
DATAFLOW,OECD.ENV.EPI:DSD_GG@DF_GREEN_GROWTH(1.1),Green Growth,I,JPN,Japan,A,Annual,CO2_AIRTRAGDP,CO2 emissions from air transport per unit of GDP,KG,Kilogramme,_T,Total - all activities,2016,,4.52,,A,Normal value,,,0,Units,_Z,Not applicable,,,0,"close to real-time, very timely",2,Two
DATAFLOW,OECD.ENV.EPI:DSD_GG@DF_GREEN_GROWTH(1.1),Green Growth,I,JPN,Japan,A,Annual,CO2_AIRTRAGDP,CO2 emissions from air transport per unit of GDP,KG,Kilogramme,_T,Total - all activities,2017,,4.58,,A,Normal value,,,0,Units,_Z,Not applicable,,,0,"close to real-time, very timely",2,Two
DATAFLOW,OECD.ENV.EPI:DSD_GG@DF_GREEN_GROWTH(1.1),Green Growth,I,JPN,Japan,A,Annual,CO2_AIRTRAGDP,CO2 emissions from air transport per unit of GDP,KG,Kilogramme,_T,Total - all activities,2018,,4.69,,A,Normal value,,,0,Units,_Z,Not applicable,,,0,"close to real-time, very timely",2,Two
DATAFLOW,OECD.ENV.EPI:DSD_GG@DF_GREEN_GROWTH(1.1),Green Growth,I,JPN,Japan,A,Annual,CO2_AIRTRAGDP,CO2 emissions from air transport per unit of GDP,KG,Kilogramme,_T,Total - all activities,2019,,4.72,,A,Normal value,,,0,Units,_Z,Not applicable,,,0,"close to real-time, very timely",2,Two
DATAFLOW,OECD.ENV.EPI:DSD_GG@DF_GREEN_GROWTH(1.1),Green Growth,I,JPN,Japan,A,Annual,CO2_AIRTRAGDP,CO2 emissions from air transport per unit of GDP,KG,Kilogramme,_T,Total - all activities,2020,,2.92,,A,Normal value,,,0,Units,_Z,Not applicable,,,0,"close to real-time, very timely",2,Two
DATAFLOW,OECD.ENV.EPI:DSD_GG@DF_GREEN_GROWTH(1.1),Green Growth,I,JPN,Japan,A,Annual,CO2_AIRTRAGDP,CO2 emissions from air transport per unit of GDP,KG,Kilogramme,_T,Total - all activities,2021,,3.17,,A,Normal value,,,0,Units,_Z,Not applicable,,,0,"close to real-time, very timely",2,Two
DATAFLOW,OECD.ENV.EPI:DSD_GG@DF_GREEN_GROWTH(1.1),Green Growth,I,JPN,Japan,A,Annual,CO2_AIRTRAGDP,CO2 emissions from air transport per unit of GDP,KG,Kilogramme,_T,Total - all activities,2013,,4.04,,A,Normal value,,,0,Units,_Z,Not applicable,,,0,"close to real-time, very timely",2,Two
DATAFLOW,OECD.ENV.EPI:DSD_GG@DF_GREEN_GROWTH(1.1),Green Growth,I,IDN,Indonesia,A,Annual,NRGS,Total energy supply,IX,Index,_T,Total - all activities,2002,,105.98,,A,Normal value,,,0,Units,_Z,Not applicable,2000,,1,"1 year lag, timely",2,Two
DATAFLOW,OECD.ENV.EPI:DSD_GG@DF_GREEN_GROWTH(1.1),Green Growth,I,IDN,Indonesia,A,Annual,NRGS,Total energy supply,IX,Index,_T,Total - all activities,1992,,69.3,,A,Normal value,,,0,Units,_Z,Not applicable,2000,,1,"1 year lag, timely",2,Two
DATAFLOW,OECD.ENV.EPI:DSD_GG@DF_GREEN_GROWTH(1.1),Green Growth,I,IDN,Indonesia,A,Annual,NRGS,Total energy supply,IX,Index,_T,Total - all activities,1993,,76.12,,A,Normal value,,,0,Units,_Z,Not applicable,2000,,1,"1 year lag, timely",2,Two
DATAFLOW,OECD.ENV.EPI:DSD_GG@DF_GREEN_GROWTH(1.1),Green Growth,I,IDN,Indonesia,A,Annual,NRGS,Total energy supply,IX,Index,_T,Total - all activities,1994,,76.22,,A,Normal value,,,0,Units,_Z,Not applicable,2000,,1,"1 year lag, timely",2,Two
DATAFLOW,OECD.ENV.EPI:DSD_GG@DF_GREEN_GROWTH(1.1),Green Growth,I,IDN,Indonesia,A,Annual,NRGS,Total energy supply,IX,Index,_T,Total - all activities,1995,,84.07,,A,Normal value,,,0,Units,_Z,Not applicable,2000,,1,"1 year lag, timely",2,Two
DATAFLOW,OECD.ENV.EPI:DSD_GG@DF_GREEN_GROWTH(1.1),Green Growth,I,IDN,Indonesia,A,Annual,NRGS,Total energy supply,IX,Index,_T,Total - all activities,1996,,87.11,,A,Normal value,,,0,Units,_Z,Not applicable,2000,,1,"1 year lag, timely",2,Two
DATAFLOW,OECD.ENV.EPI:DSD_GG@DF_GREEN_GROWTH(1.1),Green Growth,I,IDN,Indonesia,A,Annual,NRGS,Total energy supply,IX,Index,_T,Total - all activities,1997,,90.04,,A,Normal value,,,0,Units,_Z,Not applicable,2000,,1,"1 year lag, timely",2,Two
DATAFLOW,OECD.ENV.EPI:DSD_GG@DF_GREEN_GROWTH(1.1),Green Growth,I,IDN,Indonesia,A,Annual,NRGS,Total energy supply,IX,Index,_T,Total - all activities,2018,,151.16,,A,Normal value,,,0,Units,_Z,Not applicable,2000,,1,"1 year lag, timely",2,Two
DATAFLOW,OECD.ENV.EPI:DSD_GG@DF_GREEN_GROWTH(1.1),Green Growth,I,IDN,Indonesia,A,Annual,NRGS,Total energy supply,IX,Index,_T,Total - all activities,2003,,106.2,,A,Normal value,,,0,Units,_Z,Not applicable,2000,,1,"1 year lag, timely",2,Two
DATAFLOW,OECD.ENV.EPI:DSD_GG@DF_GREEN_GROWTH(1.1),Green Growth,I,IDN,Indonesia,A,Annual,NRGS,Total energy supply,IX,Index,_T,Total - all activities,2004,,113.14,,A,Normal value,,,0,Units,_Z,Not applicable,2000,,1,"1 year lag, timely",2,Two
DATAFLOW,OECD.ENV.EPI:DSD_GG@DF_GREEN_GROWTH(1.1),Green Growth,I,IDN,Indonesia,A,Annual,NRGS,Total energy supply,IX,Index,_T,Total - all activities,2005,,114.89,,A,Normal value,,,0,Units,_Z,Not applicable,2000,,1,"1 year lag, timely",2,Two
DATAFLOW,OECD.ENV.EPI:DSD_GG@DF_GREEN_GROWTH(1.1),Green Growth,I,IDN,Indonesia,A,Annual,NRGS,Total energy supply,IX,Index,_T,Total - all activities,2006,,117.5,,A,Normal value,,,0,Units,_Z,Not applicable,2000,,1,"1 year lag, timely",2,Two
DATAFLOW,OECD.ENV.EPI:DSD_GG@DF_GREEN_GROWTH(1.1),Green Growth,I,IDN,Indonesia,A,Annual,NRGS,Total energy supply,IX,Index,_T,Total - all activities,2007,,117.02,,A,Normal value,,,0,Units,_Z,Not applicable,2000,,1,"1 year lag, timely",2,Two
DATAFLOW,OECD.ENV.EPI:DSD_GG@DF_GREEN_GROWTH(1.1),Green Growth,I,IDN,Indonesia,A,Annual,NRGS,Total energy supply,IX,Index,_T,Total - all activities,2008,,119.06,,A,Normal value,,,0,Units,_Z,Not applicable,2000,,1,"1 year lag, timely",2,Two
DATAFLOW,OECD.ENV.EPI:DSD_GG@DF_GREEN_GROWTH(1.1),Green Growth,I,IDN,Indonesia,A,Annual,NRGS,Total energy supply,IX,Index,_T,Total - all activities,2009,,125.68,,A,Normal value,,,0,Units,_Z,Not applicable,2000,,1,"1 year lag, timely",2,Two
DATAFLOW,OECD.ENV.EPI:DSD_GG@DF_GREEN_GROWTH(1.1),Green Growth,I,IDN,Indonesia,A,Annual,NRGS,Total energy supply,IX,Index,_T,Total - all activities,2010,,131.12,,A,Normal value,,,0,Units,_Z,Not applicable,2000,,1,"1 year lag, timely",2,Two
DATAFLOW,OECD.ENV.EPI:DSD_GG@DF_GREEN_GROWTH(1.1),Green Growth,I,IDN,Indonesia,A,Annual,NRGS,Total energy supply,IX,Index,_T,Total - all activities,2011,,133.82,,A,Normal value,,,0,Units,_Z,Not applicable,2000,,1,"1 year lag, timely",2,Two
DATAFLOW,OECD.ENV.EPI:DSD_GG@DF_GREEN_GROWTH(1.1),Green Growth,I,IDN,Indonesia,A,Annual,NRGS,Total energy supply,IX,Index,_T,Total - all activities,2012,,132.96,,A,Normal value,,,0,Units,_Z,Not applicable,2000,,1,"1 year lag, timely",2,Two
DATAFLOW,OECD.ENV.EPI:DSD_GG@DF_GREEN_GROWTH(1.1),Green Growth,I,IDN,Indonesia,A,Annual,NRGS,Total energy supply,IX,Index,_T,Total - all activities,2013,,128.03,,A,Normal value,,,0,Units,_Z,Not applicable,2000,,1,"1 year lag, timely",2,Two
DATAFLOW,OECD.ENV.EPI:DSD_GG@DF_GREEN_GROWTH(1.1),Green Growth,I,IDN,Indonesia,A,Annual,NRGS,Total energy supply,IX,Index,_T,Total - all activities,2014,,133.36,,A,Normal value,,,0,Units,_Z,Not applicable,2000,,1,"1 year lag, timely",2,Two
DATAFLOW,OECD.ENV.EPI:DSD_GG@DF_GREEN_GROWTH(1.1),Green Growth,I,IDN,Indonesia,A,Annual,NRGS,Total energy supply,IX,Index,_T,Total - all activities,2015,,131.26,,A,Normal value,,,0,Units,_Z,Not applicable,2000,,1,"1 year lag, timely",2,Two
DATAFLOW,OECD.ENV.EPI:DSD_GG@DF_GREEN_GROWTH(1.1),Green Growth,I,IDN,Indonesia,A,Annual,NRGS,Total energy supply,IX,Index,_T,Total - all activities,2016,,134.28,,A,Normal value,,,0,Units,_Z,Not applicable,2000,,1,"1 year lag, timely",2,Two
DATAFLOW,OECD.ENV.EPI:DSD_GG@DF_GREEN_GROWTH(1.1),Green Growth,I,IDN,Indonesia,A,Annual,NRGS,Total energy supply,IX,Index,_T,Total - all activities,2017,,140.69,,A,Normal value,,,0,Units,_Z,Not applicable,2000,,1,"1 year lag, timely",2,Two
DATAFLOW,OECD.ENV.EPI:DSD_GG@DF_GREEN_GROWTH(1.1),Green Growth,I,IDN,Indonesia,A,Annual,NRGS,Total energy supply,IX,Index,_T,Total - all activities,1990,,63.38,,A,Normal value,,,0,Units,_Z,Not applicable,2000,,1,"1 year lag, timely",2,Two
DATAFLOW,OECD.ENV.EPI:DSD_GG@DF_GREEN_GROWTH(1.1),Green Growth,I,IDN,Indonesia,A,Annual,NRGS,Total energy supply,IX,Index,_T,Total - all activities,1991,,66.48,,A,Normal value,,,0,Units,_Z,Not applicable,2000,,1,"1 year lag, timely",2,Two
DATAFLOW,OECD.ENV.EPI:DSD_GG@DF_GREEN_GROWTH(1.1),Green Growth,I,IDN,Indonesia,A,Annual,NRGS,Total energy supply,IX,Index,_T,Total - all activities,2019,,156.7,,A,Normal value,,,0,Units,_Z,Not applicable,2000,,1,"1 year lag, timely",2,Two
DATAFLOW,OECD.ENV.EPI:DSD_GG@DF_GREEN_GROWTH(1.1),Green Growth,I,IDN,Indonesia,A,Annual,NRGS,Total energy supply,IX,Index,_T,Total - all activities,2020,,149.92,,A,Normal value,,,0,Units,_Z,Not applicable,2000,,1,"1 year lag, timely",2,Two
DATAFLOW,OECD.ENV.EPI:DSD_GG@DF_GREEN_GROWTH(1.1),Green Growth,I,IDN,Indonesia,A,Annual,NRGS,Total energy supply,IX,Index,_T,Total - all activities,1998,,88.07,,A,Normal value,,,0,Units,_Z,Not applicable,2000,,1,"1 year lag, timely",2,Two
DATAFLOW,OECD.ENV.EPI:DSD_GG@DF_GREEN_GROWTH(1.1),Green Growth,I,IDN,Indonesia,A,Annual,NRGS,Total energy supply,IX,Index,_T,Total - all activities,1999,,92.26,,A,Normal value,,,0,Units,_Z,Not applicable,2000,,1,"1 year lag, timely",2,Two
DATAFLOW,OECD.ENV.EPI:DSD_GG@DF_GREEN_GROWTH(1.1),Green Growth,I,IDN,Indonesia,A,Annual,NRGS,Total energy supply,IX,Index,_T,Total - all activities,2000,,100,,A,Normal value,,,0,Units,_Z,Not applicable,2000,,1,"1 year lag, timely",2,Two
DATAFLOW,OECD.ENV.EPI:DSD_GG@DF_GREEN_GROWTH(1.1),Green Growth,I,IDN,Indonesia,A,Annual,CO2_AIRTRACAP,CO2 emissions from air transport per capita,T_CO2E_PS,Tonnes of CO2-equivalent per person,_T,Total - all activities,2014,,39.57,,A,Normal value,,,0,Units,_Z,Not applicable,,,0,"close to real-time, very timely",2,Two
DATAFLOW,OECD.ENV.EPI:DSD_GG@DF_GREEN_GROWTH(1.1),Green Growth,I,IDN,Indonesia,A,Annual,CO2_AIRTRAGDP,CO2 emissions from air transport per unit of GDP,KG,Kilogramme,_T,Total - all activities,2013,,4,,A,Normal value,,,0,Units,_Z,Not applicable,,,0,"close to real-time, very timely",2,Two
DATAFLOW,OECD.ENV.EPI:DSD_GG@DF_GREEN_GROWTH(1.1),Green Growth,I,IDN,Indonesia,A,Annual,NRGS,Total energy supply,TOE,Tonnes of oil equivalent,_T,Total - all activities,1995,,130.87,,A,Normal value,,,6,Millions,_Z,Not applicable,,,1,"1 year lag, timely",2,Two
DATAFLOW,OECD.ENV.EPI:DSD_GG@DF_GREEN_GROWTH(1.1),Green Growth,I,JPN,Japan,A,Annual,NRGS,Total energy supply,IX,Index,_T,Total - all activities,1996,,97.28,,A,Normal value,,,0,Units,_Z,Not applicable,2000,,1,"1 year lag, timely",2,Two
DATAFLOW,OECD.ENV.EPI:DSD_GG@DF_GREEN_GROWTH(1.1),Green Growth,I,JPN,Japan,A,Annual,NRGS,Total energy supply,TOE,Tonnes of oil equivalent,_T,Total - all activities,2003,,505.37,,A,Normal value,,,6,Millions,_Z,Not applicable,,,1,"1 year lag, timely",2,Two
DATAFLOW,OECD.ENV.EPI:DSD_GG@DF_GREEN_GROWTH(1.1),Green Growth,I,JPN,Japan,A,Annual,CO2_AIRTRACAP,CO2 emissions from air transport per capita,T_CO2E_PS,Tonnes of CO2-equivalent per person,_T,Total - all activities,2014,,170.08,,A,Normal value,,,0,Units,_Z,Not applicable,,,0,"close to real-time, very timely",2,Two
DATAFLOW,OECD.ENV.EPI:DSD_GG@DF_GREEN_GROWTH(1.1),Green Growth,I,JPN,Japan,A,Annual,CO2_AIRTRAGDP,CO2 emissions from air transport per unit of GDP,KG,Kilogramme,_T,Total - all activities,2014,,4.23,,A,Normal value,,,0,Units,_Z,Not applicable,,,0,"close to real-time, very timely",2,Two
DATAFLOW,OECD.ENV.EPI:DSD_GG@DF_GREEN_GROWTH(1.1),Green Growth,I,IDN,Indonesia,A,Annual,NRGS,Total energy supply,IX,Index,_T,Total - all activities,2001,,102.27,,A,Normal value,,,0,Units,_Z,Not applicable,2000,,1,"1 year lag, timely",2,Two
